{
    "root_group": {
        "groups": {},
        "checks": {},
        "name": "",
        "path": "",
        "id": "d41d8cd98f00b204e9800998ecf8427e"
    },
    "metrics": {
        "vus": {
            "value": 1,
            "min": 1,
            "max": 50
        },
        "http_req_duration{expected_response:true}": {
            "avg": 36180.76748787878,
            "min": 5514.0993,
            "med": 48169.7958,
            "max": 58287.8433,
            "p(90)": 54853.45056,
            "p(95)": 56937.68694
        },
        "http_req_failed": {
            "fails": 33,
            "passes": 8,
            "value": 0.1951219512195122
        },
        "http_req_waiting": {
            "p(90)": 33980.5385,
            "p(95)": 41428.7753,
            "avg": 8310.90763414634,
            "min": 404.9237,
            "med": 3142.6394,
            "max": 45912.8273
        },
        "http_req_receiving": {
            "avg": 30972.25275853659,
            "min": 4153.8343,
            "med": 40544.8145,
            "max": 58170.292,
            "p(90)": 53312.8693,
            "p(95)": 57312.1863
        },
        "data_received": {
            "count": 13483954,
            "rate": 177912.6401122402
        },
        "vus_max": {
            "value": 50,
            "min": 50,
            "max": 50
        },
        "http_reqs": {
            "count": 41,
            "rate": 0.5409702706344035
        },
        "http_req_connecting": {
            "min": 68.3689,
            "med": 944.3537,
            "max": 8655.8479,
            "p(90)": 2560.9133,
            "p(95)": 4818.9119,
            "avg": 1291.1063219512196
        },
        "http_req_sending": {
            "avg": 0.2677926829268293,
            "min": 0,
            "med": 0,
            "max": 1.007,
            "p(90)": 0.9867,
            "p(95)": 0.9997
        },
        "iteration_duration": {
            "min": 10875.9537,
            "med": 55679.8721,
            "max": 61025.2203,
            "p(90)": 61015.8876,
            "p(95)": 61021.66777,
            "avg": 45342.91154749999
        },
        "http_req_tls_handshaking": {
            "p(90)": 9277.1066,
            "p(95)": 11655.2294,
            "avg": 4009.147285365854,
            "min": 277.3946,
            "med": 2726.1264,
            "max": 23562.8945
        },
        "http_req_duration": {
            "max": 59492.3623,
            "p(90)": 56300.9301,
            "p(95)": 58287.8433,
            "avg": 39283.42818536585,
            "min": 5514.0993,
            "med": 49787.7487
        },
        "data_sent": {
            "count": 30439,
            "rate": 401.62424555708805
        },
        "iterations": {
            "count": 40,
            "rate": 0.527775873789662
        },
        "http_req_blocked": {
            "avg": 5300.666548780488,
            "min": 446.4335,
            "med": 3764.1764,
            "max": 32220.0832,
            "p(90)": 11370.1826,
            "p(95)": 14217.174
        }
    }
}